{
  "staffs": ["1085309179352317974"],
  "erkekRolleri": ["1085309202853007461",""],
  "kizRolleri": ["1085309202035122227",""], 
  "unregRoles": ["1085309203721228408"],
  "yetkiRolleri": [""],
  "teyitciRolleri": ["1085309179352317974"],
  "ekipRolu": "",
  "sahipRolu": ["1085309144409579550",""],
  "boosterRolu": "1067762654988484659",

  "warnHammer": [""],
  "banHammer": ["1085309172515618970"],
  "jailHammer": ["1085309175342579712"],
  "cmuteHammer": ["1085309176441491596"],
  "vmuteHammer": ["1085309176441491596"],

  "tag": "♆",
  "tag2": "Aspendos",
  "tag3": "",
  "tag4": "",
  "adonis": ["yok","#yok"],
  "etiket": "#yok",
  "discirm": "yok",
  "ikinciTag": "",
  "jailRole": ["1085309185467617402"],
  "chatMute": ["1085309182963621919"],
  "voiceMute": [""],
  "fakeAccRole": ["1085309184398086314"],
  "rolverici": [""],

  "chatChannel": "1085309323208572938",
  "teyitKanali": "1085309262076575825",
  "invLogChannel": "1085309284851646474",
  "banLogChannel": "",
  "jailLogChannel": "",
  "cmuteLogChannel": "",
  "vmuteLogChannel": "",
  "warnLogChannel": "",
  "kurallar": "1085309300769030185",
  "cezapuanlog": "",

  "vipRole": "1085309203721228408",
  "müzisyenRole": "",
  "tasarımcıRole": "",
  "streamerRole": "",
  "sorunçözücüRole": "",

  "publicParents": ["1085309271954165831"],
  "registerParents": ["1085309262076575825"],
  "solvingParents": [""],
  "privateParents": ["1085309275057967174"],
  "aloneParents": [""],
  "funParents": ["","","",""],

  "cekilis": "", 
  "etkinlik": "",

  "İlişkiler": {
    "couple": "Couple",
    "alone": "Alone"
  },
  "Renkler": {
    "kirmizi": "🍓",
    "turuncu": "🍊",
    "mor": "🍇",
    "pembe": "🍑",
    "yesil": "🥑"
  },
  "Oyunlar": {
    "csgo": "CS:GO",
    "lol": "League",
    "valorant": "Valorant",
    "gta5": "Gta",
    "pubg": "PUBG",
    "fortnite": "Fortnite"
  },
  "Burçlar": {
    "koç": "Koç",
    "boğa": "Boğa",
    "ikizler": "İkizler",
    "yengeç": "Yengeç",
    "aslan": "Aslan",
    "başak": "Başak",
    "terazi": "Terazi",
    "akrep": "Akrep",
    "yay": "Yay",
    "oğlak": "Oğlak",
    "kova": "Kova",
    "balık": "Balık"
  }
}